{"P": [0.0, 7.463635531338778, 2.4849899289295325, 6.553796089712243], "Temp": [-4.001550292491871, 23.558697775135897, 10.046169779820191, 10.574233646060438], "PET": [0.5058208107948303, 5.713875770568848, 2.9435120199141913, 1.9697833298421128], "ETPOT_Hargr": [842.6393436736249, 1403.4869184719164, 1085.8233325750643, 206.86006984274525], "FW": [0.0, 0.02745344756668159, 0.011152849266314437, 0.03653374297475874], "HWSD_clay": [18.063775565450452, 41.16021543537363, 29.841933468623566, 9.136745543987157], "HWSD_gravel": [4.5, 17.971890972869762, 9.792120161875, 5.790682175811898], "HWSD_sand": [14.290240618179464, 54.31119554030297, 33.511619744347605, 15.308677051118643], "HWSD_silt": [23.96157154261704, 47.85774796840954, 36.656423992646836, 9.275420639196133], "NDVI": [0.2769701010553077, 0.6739689995306657, 0.4967220013922572, 0.14941516273215677], "Porosity": [0.03086760964656562, 0.2199999988079071, 0.13966701447011326, 0.0718252574345163], "SoilGrids1km_clay": [13.056335693294432, 28.722177257081725, 21.97065280088788, 5.6735843961571355], "SoilGrids1km_sand": [25.22520582896042, 53.610764753613374, 41.29463480259771, 10.058151808823496], "SoilGrids1km_silt": [30.0536841484367, 47.12441112856259, 36.76056096112283, 6.1529263896092194], "T_clay": [11.0, 24.000000000000004, 20.85351163655872, 6.845030675177169], "T_gravel": [4.0, 17.63663806428848, 8.931093933914655, 5.884789785190347], "T_sand": [35.0, 62.48138289346092, 46.142796083320654, 13.591879818234096], "T_silt": [18.0, 43.0, 32.66696101148919, 9.814437244273021], "aridity": [0.7956634310501426, 3.0346248676385046, 1.5377711967891716, 1.093361000175111], "glaciers": [0.0, 0.0, 0.0001228482807497884, 0.0027871528534377877], "meanP": [386.54931204246446, 1364.3522944486187, 924.3051106322856, 404.7214758610327], "meanTa": [3.6166033150980836, 16.73881406851289, 9.597671339587581, 4.783487446377301], "meanelevation": [123.15927074787292, 2140.220040418984, 825.5234988143723, 811.5881258263406], "meanslope": [1.2873407460713564, 14.160745582508364, 5.956368306179676, 5.254903108842019], "permafrost": [0.0, 0.0, 0.0015547160992639118, 0.008052880562116421], "permeability": [-15.050000190734863, -11.940044806047037, -13.829842324525412, 1.195368986287359], "seasonality_P": [0.10902773836780141, 0.5205796286331884, 0.291299754896604, 0.17549871588306665], "seasonality_PET": [0.39663164038299414, 0.6674903966426409, 0.550031916926717, 0.10137030751672321], "snow_fraction": [0.0016120760599926303, 0.3890895845151274, 0.1406961304114159, 0.15278277589105443], "snowfall_fraction": [0.005950746716424803, 0.2923158182950905, 0.12440950312929464, 0.11307724500143929], "uparea": [3.670200461250469, 323.0522996530523, 356.1861107170073, 1975.3333554307292]}
